time,headline,cRIC,ticker,CompanyName,input
2025-03-18 22:01:03.000,BRIEF-Teradyne Robotics to debut AI accelerator-powered solutions at NVIDIA GTC,TER.O,TER,"Teradyne, Inc.","Teradyne, Inc.: BRIEF-Teradyne Robotics to debut AI accelerator-powered solutions at NVIDIA GTC"
2025-08-07 20:11:50.123,INSTACART Q2 NET INCOME USD 116 MILLION,CART.O,CART,Maplebear Inc.,Maplebear Inc.: INSTACART Q2 NET INCOME USD 116 MILLION
2025-11-21 11:19:32.190,HP INC <HPQ.N>: BOFA GLOBAL RESEARCH CUTS PRICE OBJECTIVE TO $26 FROM $29,HPQ.N,HPQ,HP Inc.,HP Inc.: HP INC <HPQ.N>: BOFA GLOBAL RESEARCH CUTS PRICE OBJECTIVE TO $26 FROM $29
2025-10-10 12:12:38.000,ORACLE SHARES UP 2.3% PREMARKET AFTER CITIGROUP RAISES PT TO STREET HIGH OF $415,ORCL.N,ORCL,Oracle Corporation,Oracle Corporation: ORACLE SHARES UP 2.3% PREMARKET AFTER CITIGROUP RAISES PT TO STREET HIGH OF $415
2025-06-27 06:26:08.000,European media group RTL to buy Sky Deutschland,CMCSA.O,CMCSA,Comcast Corporation,Comcast Corporation: European media group RTL to buy Sky Deutschland
2024-11-10 00:31:20.000,"EXCLUSIVE-US ordered TSMC to halt shipments to China of chips used in AI applications, source says",LRCX.O,LRCX,Lam Research Corporation,"Lam Research Corporation: EXCLUSIVE-US ordered TSMC to halt shipments to China of chips used in AI applications, source says"
2025-09-11 13:00:18.594,F5 INC - TO BUY CALYPSOAI FOR $180 MLN,FFIV.O,FFIV,"F5, Inc.","F5, Inc.: F5 INC - TO BUY CALYPSOAI FOR $180 MLN"
2025-04-28 03:41:43.947,PROCORE TECHNOLOGIES INC <PCOR.N>: TD COWEN CUTS TARGET PRICE TO $75 FROM $85,PCOR.N,PCOR,"Procore Technologies, Inc.","Procore Technologies, Inc.: PROCORE TECHNOLOGIES INC <PCOR.N>: TD COWEN CUTS TARGET PRICE TO $75 FROM $85"
2025-08-12 22:23:36.000,"EXCLUSIVE-GOLDEN DOME INCLUDES 4 LAYERS - 1 SPACE-BASED LAYER AND 3 LAND-BASED LAYERS, DOCUMENTS SHOW",PLTR.O,PLTR,Palantir Technologies Inc.,"Palantir Technologies Inc.: EXCLUSIVE-GOLDEN DOME INCLUDES 4 LAYERS - 1 SPACE-BASED LAYER AND 3 LAND-BASED LAYERS, DOCUMENTS SHOW"
2025-05-08 01:28:25.000,BRIEF-Goto Gojek Tokopedia Says Has Not Made Any Decision Regarding Any Proposals,GRAB.O,GRAB,Grab Holdings Limited,Grab Holdings Limited: BRIEF-Goto Gojek Tokopedia Says Has Not Made Any Decision Regarding Any Proposals
2024-12-07 00:59:47.000,UPDATE 3-TikTok advertisers stay put after US appeals court upholds law forcing sale,SNAP.N,SNAP,Snap Inc.,Snap Inc.: UPDATE 3-TikTok advertisers stay put after US appeals court upholds law forcing sale
2024-10-15 14:59:37.131,ASML HOLDING NV - EXPECTS 2025  GROSS MARGIN BETWEEN 51% AND 53%,ASML.O,ASML,ASML Holding N.V. - New York Re,ASML Holding N.V. - New York Re: ASML HOLDING NV - EXPECTS 2025  GROSS MARGIN BETWEEN 51% AND 53%
2025-11-03 14:22:42.000,"BUZZ-U.S. STOCKS ON THE MOVE-Vertiv, IDEXX, Freshpet",TOST.N,TOST,"Toast, Inc.","Toast, Inc.: BUZZ-U.S. STOCKS ON THE MOVE-Vertiv, IDEXX, Freshpet"
2025-02-20 11:37:05.166,"TOAST, INC. <TOST.N>: MORGAN STANLEY  RAISES TARGET PRICE TO $50.00 FROM $46.00",TOST.N,TOST,"Toast, Inc.","Toast, Inc.: TOAST, INC. <TOST.N>: MORGAN STANLEY  RAISES TARGET PRICE TO $50.00 FROM $46.00"
2025-11-11 12:19:58.535,TOWER SEMICONDUCTOR LTD <TSEM.O>: WEDBUSH RAISES TARGET PRICE TO $125 FROM $85,TSEM.O,TSEM,Tower Semiconductor Ltd.,Tower Semiconductor Ltd.: TOWER SEMICONDUCTOR LTD <TSEM.O>: WEDBUSH RAISES TARGET PRICE TO $125 FROM $85
2025-02-13 20:50:07.569,NYSE ORDER IMBALANCE <ALLE.N> 52394.0 SHARES ON BUY SIDE,ALLE.N,ALLE,Allegion plc,Allegion plc: NYSE ORDER IMBALANCE <ALLE.N> 52394.0 SHARES ON BUY SIDE
2024-10-24 03:18:34.000,Celestica Inc reports results for the quarter ended in September 30 - Earnings Summary,CLS.N,CLS,"Celestica, Inc.","Celestica, Inc.: Celestica Inc reports results for the quarter ended in September 30 - Earnings Summary"
2025-03-13 20:18:04.000,RUBRIK SHARES UP 10% AFTER THE BELL FOLLOWING RESULTS,RBRK.N,RBRK,"Rubrik, Inc.","Rubrik, Inc.: RUBRIK SHARES UP 10% AFTER THE BELL FOLLOWING RESULTS"
2024-12-19 11:41:58.212,OKTA INC <OKTA.O>: KEYBANC RAISES TO OVERWEIGHT FROM SECTOR WEIGHT,OKTA.O,OKTA,"Okta, Inc.","Okta, Inc.: OKTA INC <OKTA.O>: KEYBANC RAISES TO OVERWEIGHT FROM SECTOR WEIGHT"
2025-05-22 17:53:55.765,Newscasts - Universal takes on Disney with its new Epic Universe park,CMCSA.O,CMCSA,Comcast Corporation,Comcast Corporation: Newscasts - Universal takes on Disney with its new Epic Universe park
2025-11-24 21:35:45.000,Zoom Communications lifts annual outlook on accelerated demand for AI tools in hybrid work,ZM.O,ZM,"Zoom Communications, Inc.","Zoom Communications, Inc.: Zoom Communications lifts annual outlook on accelerated demand for AI tools in hybrid work"
2025-01-30 15:39:56.000,"BUZZ-U.S. STOCKS ON THE MOVE-Marsh McLennan, Ameriprise, Lam Research",MA.N,MA,Mastercard Incorporated,"Mastercard Incorporated: BUZZ-U.S. STOCKS ON THE MOVE-Marsh McLennan, Ameriprise, Lam Research"
2025-09-16 10:13:33.346,DAYFORCE - TRANSFERS PENSION OBLIGATIONS TO NATIONWIDE LIFE & ANNUITY INSURANCE CO AND NATIONWIDE LIFE INSURANCE CO - SEC FILING,DAY.N,DAY,"Dayforce, Inc.","Dayforce, Inc.: DAYFORCE - TRANSFERS PENSION OBLIGATIONS TO NATIONWIDE LIFE & ANNUITY INSURANCE CO AND NATIONWIDE LIFE INSURANCE CO - SEC FILING"
2025-08-07 20:05:39.700,INSTACART OUTLOOK Q3 ADJ EBITDA $260 MLN - $270 MLN VS IBES ESTIMATE $252.9 MLN,CART.O,CART,Maplebear Inc.,Maplebear Inc.: INSTACART OUTLOOK Q3 ADJ EBITDA $260 MLN - $270 MLN VS IBES ESTIMATE $252.9 MLN
2025-07-28 20:04:38.449,AMKOR TECHNOLOGY OUTLOOK Q3 NET SALES $1.875 BLN TO $1.975 BLN,AMKR.O,AMKR,"Amkor Technology, Inc.","Amkor Technology, Inc.: AMKOR TECHNOLOGY OUTLOOK Q3 NET SALES $1.875 BLN TO $1.975 BLN"
2025-11-05 21:05:12.770,ROBINHOOD Q3 ADJUSTED EBITDA USD 742 MILLION VS. IBES ESTIMATE USD 634 MILLION,HOOD.O,HOOD,"Robinhood Markets, Inc.","Robinhood Markets, Inc.: ROBINHOOD Q3 ADJUSTED EBITDA USD 742 MILLION VS. IBES ESTIMATE USD 634 MILLION"
2024-11-05 12:10:06.249,EBAY <EBAY.O>: MIZUHO RAISES TARGET PRICE TO $60 FROM $55,EBAY.O,EBAY,eBay Inc.,eBay Inc.: EBAY <EBAY.O>: MIZUHO RAISES TARGET PRICE TO $60 FROM $55
2025-04-08 15:34:32.000,MEDIA-Netflix taps veteran D.C. trade attorney Clete Willems as chief global affairs officer - Axios,NFLX.O,NFLX,"Netflix, Inc.","Netflix, Inc.: MEDIA-Netflix taps veteran D.C. trade attorney Clete Willems as chief global affairs officer - Axios"
2025-02-04 23:00:11.000,BRIEF-Microchip Technology Appoints Victor Peng To Board Of Directors,MCHP.O,MCHP,Microchip Technology Incorporat,Microchip Technology Incorporat: BRIEF-Microchip Technology Appoints Victor Peng To Board Of Directors
2025-04-09 04:21:50.973,MICROCHIP TECHNOLOGY <MCHP.O>: TD COWEN CUTS TARGET PRICE TO $35 FROM $60,MCHP.O,MCHP,Microchip Technology Incorporat,Microchip Technology Incorporat: MICROCHIP TECHNOLOGY <MCHP.O>: TD COWEN CUTS TARGET PRICE TO $35 FROM $60
2025-05-02 12:59:17.634,DUPONT CEO SAYS NOT LOOKING AT M&A BEFORE SPINOFF IS COMPLETE: CONF CALL,DD.N,DD,"DuPont de Nemours, Inc.","DuPont de Nemours, Inc.: DUPONT CEO SAYS NOT LOOKING AT M&A BEFORE SPINOFF IS COMPLETE: CONF CALL"
2025-04-03 07:07:20.207,LOGITECH INTERNATIONAL SA <LOGN.S> SHARES DOWN 9.91%,LOGI.O,LOGI,Logitech International S.A. - R,Logitech International S.A. - R: LOGITECH INTERNATIONAL SA <LOGN.S> SHARES DOWN 9.91%
2025-10-14 13:43:00.000,US Supreme Court rebuffs challenge to federal protections for tech platforms,META.O,META,"Meta Platforms, Inc.","Meta Platforms, Inc.: US Supreme Court rebuffs challenge to federal protections for tech platforms"
2025-01-15 20:50:04.950,NYSE ORDER IMBALANCE <FICO.N> 25380.0 SHARES ON SELL SIDE,FICO.N,FICO,Fair Isaac Corporation,Fair Isaac Corporation: NYSE ORDER IMBALANCE <FICO.N> 25380.0 SHARES ON SELL SIDE
2025-11-06 11:03:48.649,DOORDASH <DASH.O>: MOFFETTNATHANSON CUTS TARGET PRICE TO $288 FROM $305,DASH.O,DASH,"DoorDash, Inc.","DoorDash, Inc.: DOORDASH <DASH.O>: MOFFETTNATHANSON CUTS TARGET PRICE TO $288 FROM $305"
2025-04-14 11:13:02.060,ASTERA LABS INC <ALAB.O>: CITIGROUP CUTS TARGET PRICE TO $100 FROM $120,ALAB.O,ALAB,"Astera Labs, Inc.","Astera Labs, Inc.: ASTERA LABS INC <ALAB.O>: CITIGROUP CUTS TARGET PRICE TO $100 FROM $120"
2025-08-13 13:33:09.349,COREWEAVE SHARES DOWN 11.8% AFTER BIGGER QUARTERLY LOSS,CRWV.O,CRWV,"CoreWeave, Inc.","CoreWeave, Inc.: COREWEAVE SHARES DOWN 11.8% AFTER BIGGER QUARTERLY LOSS"
2025-05-07 16:45:00.390,"CADENCE UNVEILS MILLENNIUM M2000 SUPERCOMPUTER WITH NVIDIA BLACKWELL SYSTEMS TO TRANSFORM AI-DRIVEN SILICON, SYSTEMS AND DRUG DESIGN",CDNS.O,CDNS,"Cadence Design Systems, Inc.","Cadence Design Systems, Inc.: CADENCE UNVEILS MILLENNIUM M2000 SUPERCOMPUTER WITH NVIDIA BLACKWELL SYSTEMS TO TRANSFORM AI-DRIVEN SILICON, SYSTEMS AND DRUG DESIGN"
2025-11-04 12:18:16.000,"BUZZ-Uber slips, forecasts Q4 adjusted core profit marginally below estimates",UBER.N,UBER,"Uber Technologies, Inc.","Uber Technologies, Inc.: BUZZ-Uber slips, forecasts Q4 adjusted core profit marginally below estimates"
2024-11-05 11:01:42.000,MORNING BID AMERICAS-World markets firm as America decides,MU.O,MU,"Micron Technology, Inc.","Micron Technology, Inc.: MORNING BID AMERICAS-World markets firm as America decides"
2025-03-17 13:00:01.739,STMICROELECTRONICS ANNOUNCES STATUS OF COMMON SHARE REPURCHASE PROGRAM,STM.N,STM,STMicroelectronics N.V.,STMicroelectronics N.V.: STMICROELECTRONICS ANNOUNCES STATUS OF COMMON SHARE REPURCHASE PROGRAM
2025-05-21 19:50:08.129,NYSE ORDER IMBALANCE <UBER.N> 563571.0 SHARES ON BUY SIDE,UBER.N,UBER,"Uber Technologies, Inc.","Uber Technologies, Inc.: NYSE ORDER IMBALANCE <UBER.N> 563571.0 SHARES ON BUY SIDE"
2025-02-26 09:14:27.000,"ALIBABA UP 2.9%, PDD HOLDINGS UP 3.9%, NETEASE UP 3.4%, BAIDU UP 2.5%, JD.COM UP 7.1%",BIDU.O,BIDU,"Baidu, Inc.","Baidu, Inc.: ALIBABA UP 2.9%, PDD HOLDINGS UP 3.9%, NETEASE UP 3.4%, BAIDU UP 2.5%, JD.COM UP 7.1%"
2025-10-16 13:00:00.000,"WAYMO: IN COMING MONTHS, DOORDASH CUSTOMERS MAY BE MATCHED WITH FULLY AUTONOMOUS WAYMO VEHICLE FOR DELIVERY IN PHOENIX SERVICE AREA",GOOGL.O,GOOGL,Alphabet Inc.,"Alphabet Inc.: WAYMO: IN COMING MONTHS, DOORDASH CUSTOMERS MAY BE MATCHED WITH FULLY AUTONOMOUS WAYMO VEHICLE FOR DELIVERY IN PHOENIX SERVICE AREA"
2025-02-28 20:50:43.604,NYSE ORDER IMBALANCE <TYL.N> 18610.0 SHARES ON SELL SIDE,TYL.N,TYL,"Tyler Technologies, Inc.","Tyler Technologies, Inc.: NYSE ORDER IMBALANCE <TYL.N> 18610.0 SHARES ON SELL SIDE"
2025-10-28 10:06:41.000,BREAKINGVIEWS-Nokia’s AI side hustle can offset its telco torpor,ERIC.O,ERIC,Ericsson,Ericsson: BREAKINGVIEWS-Nokia’s AI side hustle can offset its telco torpor
2025-06-05 20:15:58.232,SHARES OF BROADCOM DOWN 2% IN EXTENDED TRADE AFTER QUARTERLY REPORT,AVGO.O,AVGO,Broadcom Inc.,Broadcom Inc.: SHARES OF BROADCOM DOWN 2% IN EXTENDED TRADE AFTER QUARTERLY REPORT
2024-11-07 21:01:14.034,"AKAMAI Q3 REVENUE USD 1,004.679 MILLION VS. IBES ESTIMATE USD 999 MILLION",AKAM.O,AKAM,"Akamai Technologies, Inc.","Akamai Technologies, Inc.: AKAMAI Q3 REVENUE USD 1,004.679 MILLION VS. IBES ESTIMATE USD 999 MILLION"
2025-04-08 10:01:34.816,"INTERNATIONAL BUSINESS MACHINES CORP - Z17 AVAILABLE JUNE 18, 2025",IBM.N,IBM,International Business Machines,"International Business Machines: INTERNATIONAL BUSINESS MACHINES CORP - Z17 AVAILABLE JUNE 18, 2025"
2025-10-14 11:33:04.000,BRIEF-Parkervision Inc Files Motion To Expedite Appeal In Qualcomm Patent Case,QCOM.O,QCOM,QUALCOMM Incorporated,QUALCOMM Incorporated: BRIEF-Parkervision Inc Files Motion To Expedite Appeal In Qualcomm Patent Case
2025-10-06 11:07:52.000,BUZZ-AMD jumps after announcing multi-year deal with OpenAI,AMD.O,AMD,"Advanced Micro Devices, Inc.","Advanced Micro Devices, Inc.: BUZZ-AMD jumps after announcing multi-year deal with OpenAI"
2024-11-06 10:02:53.000,MICROCHIP TECHNOLOGY SHARES FALL 2.3% PREMARKET AFTER CO FORECASTS Q3 RESULTS BELOW ESTIMATES,MCHP.O,MCHP,Microchip Technology Incorporat,Microchip Technology Incorporat: MICROCHIP TECHNOLOGY SHARES FALL 2.3% PREMARKET AFTER CO FORECASTS Q3 RESULTS BELOW ESTIMATES
2025-07-30 21:58:21.000,BRIEF-Figma Expected To Price IPO Above Range At $33 Per Share - Bloomberg News,FIG.N,FIG,"Figma, Inc.","Figma, Inc.: BRIEF-Figma Expected To Price IPO Above Range At $33 Per Share - Bloomberg News"
2025-11-19 17:53:02.000,BREAKINGVIEWS-AI understudies bask in a flickering spotlight,CSCO.O,CSCO,"Cisco Systems, Inc.","Cisco Systems, Inc.: BREAKINGVIEWS-AI understudies bask in a flickering spotlight"
2025-01-31 11:49:49.657,KLA CORPORATION  <KLAC.O>: DEUTSCHE BANK RAISES TARGET PRICE TO $850 FROM $725,KLAC.O,KLAC,KLA Corporation,KLA Corporation: KLA CORPORATION  <KLAC.O>: DEUTSCHE BANK RAISES TARGET PRICE TO $850 FROM $725
2025-01-24 21:36:20.000,US STOCKS-Wall St slips with mixed data and earnings ahead of Fed week,VZ.N,VZ,Verizon Communications Inc.,Verizon Communications Inc.: US STOCKS-Wall St slips with mixed data and earnings ahead of Fed week
2024-11-12 21:04:26.701,SHARES OF SPOTIFY RISE 9% IN EXTENDED TRADE,SPOT.N,SPOT,Spotify Technology S.A.,Spotify Technology S.A.: SHARES OF SPOTIFY RISE 9% IN EXTENDED TRADE
2025-11-12 12:00:06.246,GLOBALFOUNDRIES Q3 GROSS MARGIN 24.8%,GFS.O,GFS,GlobalFoundries Inc.,GlobalFoundries Inc.: GLOBALFOUNDRIES Q3 GROSS MARGIN 24.8%
2025-04-25 13:51:28.000,BUZZ-Charter Communications gains after Q1 revenue beat,CHTR.O,CHTR,"Charter Communications, Inc.","Charter Communications, Inc.: BUZZ-Charter Communications gains after Q1 revenue beat"
2025-04-17 09:51:58.000,UPDATE 5-TSMC upbeat on outlook as robust AI demand offsets tariff uncertainty,TSM.N,TSM,Taiwan Semiconductor Manufactur,Taiwan Semiconductor Manufactur: UPDATE 5-TSMC upbeat on outlook as robust AI demand offsets tariff uncertainty
2024-11-06 11:55:05.695,TRIMBLE OUTLOOK Q4 EPS USD 0.52-0.61,TRMB.O,TRMB,Trimble Inc.,Trimble Inc.: TRIMBLE OUTLOOK Q4 EPS USD 0.52-0.61
2025-06-27 08:32:00.000,ASE TECHNOLOGY HOLDING <3711.TW>: UNIT ACQUIRES PLANT ENGINEERING PROJECT FOR T$527.5 MLN,ASX.N,ASX,"ASE Technology Holding Co., Ltd","ASE Technology Holding Co., Ltd: ASE TECHNOLOGY HOLDING <3711.TW>: UNIT ACQUIRES PLANT ENGINEERING PROJECT FOR T$527.5 MLN"
2025-11-07 18:56:55.000,"BUZZ-U.S. STOCKS ON THE MOVE-Akamai Technologies, Enbridge, KKR",ABNB.O,ABNB,"Airbnb, Inc.","Airbnb, Inc.: BUZZ-U.S. STOCKS ON THE MOVE-Akamai Technologies, Enbridge, KKR"
2025-07-18 03:39:24.409,WIPRO <WIPR.NS> SHARES UP 3.1% IN PRE-OPEN TRADE ON QTRLY REV BEAT,WIT.N,WIT,Wipro Limited,Wipro Limited: WIPRO <WIPR.NS> SHARES UP 3.1% IN PRE-OPEN TRADE ON QTRLY REV BEAT
2025-09-30 14:14:32.000,BRIEF-Verisk Names Saurabh Khemka President Of Underwriting Solutions,VRSK.O,VRSK,"Verisk Analytics, Inc.","Verisk Analytics, Inc.: BRIEF-Verisk Names Saurabh Khemka President Of Underwriting Solutions"
2025-07-24 06:09:34.719,AT&T INC <T.N>: JP MORGAN RAISES TARGET PRICE TO $33.00 FROM $31.00,T.N,T,AT&T Inc.,AT&T Inc.: AT&T INC <T.N>: JP MORGAN RAISES TARGET PRICE TO $33.00 FROM $31.00
2025-02-03 21:05:01.242,RAMBUS Q4 OPERATING EXPENSES USD 71.7 MILLION,RMBS.O,RMBS,"Rambus, Inc.","Rambus, Inc.: RAMBUS Q4 OPERATING EXPENSES USD 71.7 MILLION"
2025-09-25 18:50:12.000,"EXCLUSIVE-Google likely to be hit with first EU antitrust fine under new EU law, sources say",META.O,META,"Meta Platforms, Inc.","Meta Platforms, Inc.: EXCLUSIVE-Google likely to be hit with first EU antitrust fine under new EU law, sources say"
2025-02-13 14:31:46.170,ZEBRA TECHNOLOGIES SHARES FALL 4.7% AFTER CO FORECASTS BELOW-THAN-EXPECTED FY REV AND ADJ. PROFIT,ZBRA.O,ZBRA,Zebra Technologies Corporation,Zebra Technologies Corporation: ZEBRA TECHNOLOGIES SHARES FALL 4.7% AFTER CO FORECASTS BELOW-THAN-EXPECTED FY REV AND ADJ. PROFIT
2025-06-11 16:29:57.000,"BUZZ-U.S. STOCKS ON THE MOVE-Vaxart, DoubleVerify, Cracker Barrel",COIN.O,COIN,"Coinbase Global, Inc.","Coinbase Global, Inc.: BUZZ-U.S. STOCKS ON THE MOVE-Vaxart, DoubleVerify, Cracker Barrel"
2025-12-03 18:13:53.000,"U.S. RESEARCH ROUNDUP-Crowdstrike, CSW Industrials, Targa Resources",LITE.O,LITE,Lumentum Holdings Inc.,"Lumentum Holdings Inc.: U.S. RESEARCH ROUNDUP-Crowdstrike, CSW Industrials, Targa Resources"
2025-10-28 12:29:06.475,"QORVO SHARES EXTEND PREMARKET GAINS, LAST UP 11.8%",SWKS.O,SWKS,"Skyworks Solutions, Inc.","Skyworks Solutions, Inc.: QORVO SHARES EXTEND PREMARKET GAINS, LAST UP 11.8%"
2025-05-06 14:34:01.318,AUTOMATIC DATA PROCESSING INC - PRICES $1 BILLION SENIOR NOTES DUE 2032 AT 4.750%,ADP.O,ADP,"Automatic Data Processing, Inc.","Automatic Data Processing, Inc.: AUTOMATIC DATA PROCESSING INC - PRICES $1 BILLION SENIOR NOTES DUE 2032 AT 4.750%"
2025-07-15 07:33:24.000,"BUZZ-Ericsson slips after it reports Q2 sales miss, warns of uncertainty",ERIC.O,ERIC,Ericsson,"Ericsson: BUZZ-Ericsson slips after it reports Q2 sales miss, warns of uncertainty"
2025-08-04 12:00:02.814,AT&T EXPANDS OFFICE@HAND BUSINESS COMMUNICATIONS PORTFOLIO WITH RINGCX AI-POWERED CONTACT CENTER AND RINGSENSE CONVERSATIONAL INTELLIGENCE SOLUTIONS BY RINGCENTRAL,TBB.N,TBB,AT&T Inc. 5.350% Global Notes d,AT&T Inc. 5.350% Global Notes d: AT&T EXPANDS OFFICE@HAND BUSINESS COMMUNICATIONS PORTFOLIO WITH RINGCX AI-POWERED CONTACT CENTER AND RINGSENSE CONVERSATIONAL INTELLIGENCE SOLUTIONS BY RINGCENTRAL
2025-08-01 05:56:20.228,COMCAST CORP <CMCSA.O>: JP MORGAN RAISES TARGET PRICE TO $38.00 FROM $37.00,CMCSA.O,CMCSA,Comcast Corporation,Comcast Corporation: COMCAST CORP <CMCSA.O>: JP MORGAN RAISES TARGET PRICE TO $38.00 FROM $37.00
2024-10-22 14:16:47.000,Activist Jana Partners pushes Wolfspeed to explore sale of devices business,VZ.N,VZ,Verizon Communications Inc.,Verizon Communications Inc.: Activist Jana Partners pushes Wolfspeed to explore sale of devices business
2025-11-11 14:55:11.000,UPDATE 1-SoftBank's $5.8 billion Nvidia stake sale stirs fresh AI bubble fears,TMUS.O,TMUS,"T-Mobile US, Inc.","T-Mobile US, Inc.: UPDATE 1-SoftBank's $5.8 billion Nvidia stake sale stirs fresh AI bubble fears"
2024-11-08 05:13:03.672,MACOM TECHNOLOGY SOLUTIONS HOLDINGS INC <MTSI.O>: JP MORGAN RAISES TARGET PRICE TO $145 FROM $110,MTSI.O,MTSI,MACOM Technology Solutions Hold,MACOM Technology Solutions Hold: MACOM TECHNOLOGY SOLUTIONS HOLDINGS INC <MTSI.O>: JP MORGAN RAISES TARGET PRICE TO $145 FROM $110
2025-10-20 19:12:28.792,Newscasts - Apple nears $4 trillion valuation as data shows strong iPhone 17 demand,AAPL.O,AAPL,Apple Inc.,Apple Inc.: Newscasts - Apple nears $4 trillion valuation as data shows strong iPhone 17 demand
2024-10-02 13:33:00.000,"PDD HOLDINGS UP 4.7%, NETEASE UP 6.5%, BAIDU UP 4.3%",BILI.O,BILI,Bilibili Inc.,"Bilibili Inc.: PDD HOLDINGS UP 4.7%, NETEASE UP 6.5%, BAIDU UP 4.3%"
2025-09-11 17:29:19.000,"U.S. SUES UBER TECHNOLOGIES FOR VIOLATING AMERICANS WITH DISABILITIES ACT, COURT FILING SHOWS",UBER.N,UBER,"Uber Technologies, Inc.","Uber Technologies, Inc.: U.S. SUES UBER TECHNOLOGIES FOR VIOLATING AMERICANS WITH DISABILITIES ACT, COURT FILING SHOWS"
2025-08-26 10:32:10.140,ZOOM COMMUNICATIONS INC <ZM.O>: MIZUHO RAISES TARGET PRICE TO $100 FROM $95,ZM.O,ZM,"Zoom Communications, Inc.","Zoom Communications, Inc.: ZOOM COMMUNICATIONS INC <ZM.O>: MIZUHO RAISES TARGET PRICE TO $100 FROM $95"
2025-09-25 21:13:16.000,US sounds alarm over hackers targeting Cisco security devices,CSCO.O,CSCO,"Cisco Systems, Inc.","Cisco Systems, Inc.: US sounds alarm over hackers targeting Cisco security devices"
2025-09-05 06:22:28.197,BROADCOM INC<AVGO.O>: DEUTSCHE BANK RAISES TARGET PRICE TO $350 FROM $300,AVGO.O,AVGO,Broadcom Inc.,Broadcom Inc.: BROADCOM INC<AVGO.O>: DEUTSCHE BANK RAISES TARGET PRICE TO $350 FROM $300
2025-11-04 11:14:10.417,GARTNER SHARES UP 4.1% PREMARKET AFTER CO RAISES ANNUAL ADJUSTED PROFIT FORECAST,IT.N,IT,"Gartner, Inc.","Gartner, Inc.: GARTNER SHARES UP 4.1% PREMARKET AFTER CO RAISES ANNUAL ADJUSTED PROFIT FORECAST"
2024-09-10 19:50:02.409,NYSE ORDER IMBALANCE <MSI.N> 58734.0 SHARES ON SELL SIDE,MSI.N,MSI,"Motorola Solutions, Inc.","Motorola Solutions, Inc.: NYSE ORDER IMBALANCE <MSI.N> 58734.0 SHARES ON SELL SIDE"
2024-11-05 17:36:55.000,US STOCKS-Wall St rallies on election day as investor focus shifts to outcome,PLTR.O,PLTR,Palantir Technologies Inc.,Palantir Technologies Inc.: US STOCKS-Wall St rallies on election day as investor focus shifts to outcome
2025-10-20 11:00:01.157,"AI MAVERICK INTEL, INC. ANNOUNCES NEW TRADING SYMBOL “AIMV”  EFFECTIVE OCT. 20, 2025",INTC.O,INTC,Intel Corporation,"Intel Corporation: AI MAVERICK INTEL, INC. ANNOUNCES NEW TRADING SYMBOL “AIMV”  EFFECTIVE OCT. 20, 2025"
2025-07-15 13:24:41.000,"BUZZ-U.S. STOCKS ON THE MOVE-Trade Desk, Lithia Motors, GitLab",AVGO.O,AVGO,Broadcom Inc.,"Broadcom Inc.: BUZZ-U.S. STOCKS ON THE MOVE-Trade Desk, Lithia Motors, GitLab"
2025-10-28 12:11:08.000,BRIEF-WeRide Announces CEO’s Voluntary Lock-Up To Reinforce Long-Term Commitment As Company Launches Hong Kong IPO,UBER.N,UBER,"Uber Technologies, Inc.","Uber Technologies, Inc.: BRIEF-WeRide Announces CEO’s Voluntary Lock-Up To Reinforce Long-Term Commitment As Company Launches Hong Kong IPO"
2025-09-01 08:36:33.000,UPDATE 1-Britain's Kainos jumps on upbeat annual outlook,WDAY.O,WDAY,"Workday, Inc.","Workday, Inc.: UPDATE 1-Britain's Kainos jumps on upbeat annual outlook"
2025-03-25 18:46:49.000,BUZZ-Lumen falls after report AT&T is in talks to buy co's consumer fiber unit,TBB.N,TBB,AT&T Inc. 5.350% Global Notes d,AT&T Inc. 5.350% Global Notes d: BUZZ-Lumen falls after report AT&T is in talks to buy co's consumer fiber unit
2025-08-29 15:41:20.000,"BUZZ-U.S. STOCKS ON THE MOVE-SentinelOne, Autodesk, Dollar Tree",IREN.O,IREN,IREN LIMITED,"IREN LIMITED: BUZZ-U.S. STOCKS ON THE MOVE-SentinelOne, Autodesk, Dollar Tree"
2025-11-03 14:02:14.191,"OPENAI: WILL IMMEDIATELY START UTILIZING AWS COMPUTE AS PART OF PARTNERSHIP, ALL CAPACITY TARGETED TO BE DEPLOYED BEFORE 2026 END",NVDA.O,NVDA,NVIDIA Corporation,"NVIDIA Corporation: OPENAI: WILL IMMEDIATELY START UTILIZING AWS COMPUTE AS PART OF PARTNERSHIP, ALL CAPACITY TARGETED TO BE DEPLOYED BEFORE 2026 END"
2025-04-28 15:07:14.196,COGNIZANT <CTSH.O>: BARCLAYS CUTS TARGET PRICE TO $90 FROM $103,CTSH.O,CTSH,Cognizant Technology Solutions ,Cognizant Technology Solutions : COGNIZANT <CTSH.O>: BARCLAYS CUTS TARGET PRICE TO $90 FROM $103
2024-09-26 09:06:28.000,"U.S. LISTING OF ARM HOLDINGS UP 3.1%, U.S. LISTING OF TAIWAN SEMICONDUCTOR MANUFACTURING UP 2.1%",ON.O,ON,ON Semiconductor Corporation,"ON Semiconductor Corporation: U.S. LISTING OF ARM HOLDINGS UP 3.1%, U.S. LISTING OF TAIWAN SEMICONDUCTOR MANUFACTURING UP 2.1%"
2025-11-11 12:20:27.000,"US STOCKS-S&P 500, Nasdaq futures fall on renewed tech concerns",CRWV.O,CRWV,"CoreWeave, Inc.","CoreWeave, Inc.: US STOCKS-S&P 500, Nasdaq futures fall on renewed tech concerns"
2025-08-20 15:34:12.000,US SENATOR BERNIE SANDERS WELCOMES TRUMP ADMINISTRATION PLAN TO CONVERT INTEL'S CHIPS ACT AWARD INTO GOVERNMENT HELD STAKE,INTC.O,INTC,Intel Corporation,Intel Corporation: US SENATOR BERNIE SANDERS WELCOMES TRUMP ADMINISTRATION PLAN TO CONVERT INTEL'S CHIPS ACT AWARD INTO GOVERNMENT HELD STAKE
2025-10-13 16:15:30.000,"REFILE-BUZZ-U.S. STOCKS ON THE MOVE-Broadcom, JPMorgan, Enpro",SNDK.O,SNDK,Sandisk Corporation,"Sandisk Corporation: REFILE-BUZZ-U.S. STOCKS ON THE MOVE-Broadcom, JPMorgan, Enpro"
2025-10-02 11:09:29.871,FABRINET <FN.N>: ROSENBLATT SECURITIES RAISES TARGET PRICE TO $425 FROM $360,FN.N,FN,Fabrinet,Fabrinet: FABRINET <FN.N>: ROSENBLATT SECURITIES RAISES TARGET PRICE TO $425 FROM $360
2025-08-08 03:54:06.000,GoDaddy Inc reports results for the quarter ended June 30 - Earnings Summary,GDDY.N,GDDY,GoDaddy Inc.,GoDaddy Inc.: GoDaddy Inc reports results for the quarter ended June 30 - Earnings Summary
2025-02-06 13:05:29.793,"ROBLOX SHARES EXTEND PREMARKET LOSSES, LAST DOWN 31.6%",RBLX.N,RBLX,Roblox Corporation,"Roblox Corporation: ROBLOX SHARES EXTEND PREMARKET LOSSES, LAST DOWN 31.6%"
2025-07-18 08:08:24.000,U.S. CRYPTO-LINKED STOCKS RISE PREMARKET AFTER US HOUSE PASSES CRYPTO MARKET STRUCTURE LEGISLATION,COIN.O,COIN,"Coinbase Global, Inc.","Coinbase Global, Inc.: U.S. CRYPTO-LINKED STOCKS RISE PREMARKET AFTER US HOUSE PASSES CRYPTO MARKET STRUCTURE LEGISLATION"
2025-10-16 10:00:13.271,IBM ANNOUNCES NEW AI AGENTS ON ORACLE FUSION APPLICATIONS AI AGENT MARKETPLACE,ORCL.N,ORCL,Oracle Corporation,Oracle Corporation: IBM ANNOUNCES NEW AI AGENTS ON ORACLE FUSION APPLICATIONS AI AGENT MARKETPLACE
2024-11-01 14:09:43.712,ATLASSIAN <TEAM.O>: UBS RAISES TARGET PRICE TO $245 FROM $205,TEAM.O,TEAM,Atlassian Corporation,Atlassian Corporation: ATLASSIAN <TEAM.O>: UBS RAISES TARGET PRICE TO $245 FROM $205
2025-10-06 17:39:08.000,BREAKINGVIEWS-OpenAI takes its cut for expanding the AI boom,AMD.O,AMD,"Advanced Micro Devices, Inc.","Advanced Micro Devices, Inc.: BREAKINGVIEWS-OpenAI takes its cut for expanding the AI boom"
2024-12-19 21:24:48.000,"U.S. RESEARCH ROUNDUP-Amazon, Mastercard, Tesla",FTNT.O,FTNT,"Fortinet, Inc.","Fortinet, Inc.: U.S. RESEARCH ROUNDUP-Amazon, Mastercard, Tesla"
2025-04-17 08:21:20.178,ERICSSON -  ORANGE FRANCE CHOOSES ERICSSON TO STRENGTHEN ITS NETWORK CAPACITY WHILE REDUCING ITS ENERGY CONSUMPTION BY 30%,ERIC.O,ERIC,Ericsson,Ericsson: ERICSSON -  ORANGE FRANCE CHOOSES ERICSSON TO STRENGTHEN ITS NETWORK CAPACITY WHILE REDUCING ITS ENERGY CONSUMPTION BY 30%
2025-11-06 09:48:04.000,BUZZ-Snap jumps 22% as AI pivot boosts investor confidence,SNAP.N,SNAP,Snap Inc.,Snap Inc.: BUZZ-Snap jumps 22% as AI pivot boosts investor confidence
2025-08-07 14:22:15.000,"PALO ALTO NETWORKS DOWN 1.8%, SENTINELONE DOWN 1.7%",CRWD.O,CRWD,"CrowdStrike Holdings, Inc.","CrowdStrike Holdings, Inc.: PALO ALTO NETWORKS DOWN 1.8%, SENTINELONE DOWN 1.7%"
2025-11-14 15:35:10.000,LIVE MARKETS-US stocks fall in early trade,NVDA.O,NVDA,NVIDIA Corporation,NVIDIA Corporation: LIVE MARKETS-US stocks fall in early trade
2025-06-10 11:00:47.937,PALANTIR TECHNOLOGIES INC -  ANNOUNCED A MULTI-YEAR PARTNERSHIP WITH FEDRIGONI TO ACCELERATE OPERATIONAL TRANSFORMATION WITH AI,PLTR.O,PLTR,Palantir Technologies Inc.,Palantir Technologies Inc.: PALANTIR TECHNOLOGIES INC -  ANNOUNCED A MULTI-YEAR PARTNERSHIP WITH FEDRIGONI TO ACCELERATE OPERATIONAL TRANSFORMATION WITH AI
2025-06-24 13:37:20.000,"COINBASE GLOBAL UP 1.9%, BITFARMS UP 2.4%, STRATEGY UP 1.2%",MSTR.O,MSTR,Strategy Inc,"Strategy Inc: COINBASE GLOBAL UP 1.9%, BITFARMS UP 2.4%, STRATEGY UP 1.2%"
2025-06-30 14:40:41.000,"US STOCKS-S&P 500, Nasdaq at record highs as trade hopes feed quarterly momentum",HPE.N,HPE,Hewlett Packard Enterprise Comp,"Hewlett Packard Enterprise Comp: US STOCKS-S&P 500, Nasdaq at record highs as trade hopes feed quarterly momentum"
2025-02-12 06:10:08.189,DOORDASH <DASH.O>: BTIG RAISES TARGET PRICE TO $225 FROM $200,DASH.O,DASH,"DoorDash, Inc.","DoorDash, Inc.: DOORDASH <DASH.O>: BTIG RAISES TARGET PRICE TO $225 FROM $200"
2025-10-07 19:50:07.138,NYSE ORDER IMBALANCE <FIG.N> 912860.0 SHARES ON BUY SIDE,FIG.N,FIG,"Figma, Inc.","Figma, Inc.: NYSE ORDER IMBALANCE <FIG.N> 912860.0 SHARES ON BUY SIDE"
2024-10-21 19:50:01.162,NYSE ORDER IMBALANCE <T.N> 1039318.0 SHARES ON BUY SIDE,T.N,T,AT&T Inc.,AT&T Inc.: NYSE ORDER IMBALANCE <T.N> 1039318.0 SHARES ON BUY SIDE
2024-12-16 13:46:12.920,WIPRO -DEAL FOR $ 40 MLN,WIT.N,WIT,Wipro Limited,Wipro Limited: WIPRO -DEAL FOR $ 40 MLN
2025-09-10 09:08:04.000,BUZZ-US chipmakers' shares up as Oracle expects $500 billion in booked cloud orders,AVGO.O,AVGO,Broadcom Inc.,Broadcom Inc.: BUZZ-US chipmakers' shares up as Oracle expects $500 billion in booked cloud orders
2024-09-29 05:58:43.000,Cloudflare denies hosting sites linked to data leak at India's Star Health,NET.N,NET,"Cloudflare, Inc.","Cloudflare, Inc.: Cloudflare denies hosting sites linked to data leak at India's Star Health"
2025-11-25 09:05:51.000,"Meta in talks to spend billions on Google's chips, The Information reports",GOOGL.O,GOOGL,Alphabet Inc.,"Alphabet Inc.: Meta in talks to spend billions on Google's chips, The Information reports"
2025-10-30 11:11:11.000,"JD.COM DOWN 1.6%, LI AUTO DOWN 1.3%, NIO DOWN 1%, XPENG DOWN 1.1%",BILI.O,BILI,Bilibili Inc.,"Bilibili Inc.: JD.COM DOWN 1.6%, LI AUTO DOWN 1.3%, NIO DOWN 1%, XPENG DOWN 1.1%"
2024-12-04 14:37:50.000,"BROADCOM SHARES UP 3.3%, MICRON TECHNOLOGY UP 1.2%, NVIDIA UP 1%, ARM HOLDINGS UP 2.3%",MU.O,MU,"Micron Technology, Inc.","Micron Technology, Inc.: BROADCOM SHARES UP 3.3%, MICRON TECHNOLOGY UP 1.2%, NVIDIA UP 1%, ARM HOLDINGS UP 2.3%"
2025-08-28 04:04:13.091,SNOWFLAKE INC <SNOW.N>: JEFFERIES RAISES TARGET PRICE TO $270 FROM $250,SNOW.N,SNOW,Snowflake Inc.,Snowflake Inc.: SNOWFLAKE INC <SNOW.N>: JEFFERIES RAISES TARGET PRICE TO $270 FROM $250
2025-10-30 12:16:17.337,Newscasts - S&P 500 flat after Powell doesn't guarantee December Fed rate cut,META.O,META,"Meta Platforms, Inc.","Meta Platforms, Inc.: Newscasts - S&P 500 flat after Powell doesn't guarantee December Fed rate cut"
2024-11-20 14:07:57.000,BRIEF-Flex Completes Acquisition Of Crown Technical Systems,FLEX.O,FLEX,Flex Ltd.,Flex Ltd.: BRIEF-Flex Completes Acquisition Of Crown Technical Systems
2025-01-13 18:37:16.000,BUZZ-Pinterest falls as Jefferies downgrades to 'hold',PINS.N,PINS,"Pinterest, Inc.","Pinterest, Inc.: BUZZ-Pinterest falls as Jefferies downgrades to 'hold'"
2025-10-23 13:45:59.000,UPDATE 2-T-Mobile lifts annual forecast as subscriber gains top estimates on iPhone upgrades,AAPL.O,AAPL,Apple Inc.,Apple Inc.: UPDATE 2-T-Mobile lifts annual forecast as subscriber gains top estimates on iPhone upgrades
2025-11-20 17:32:09.000,UPDATE 2-European shares advance on Nvidia results lift; investors assess US jobs data,ASML.O,ASML,ASML Holding N.V. - New York Re,ASML Holding N.V. - New York Re: UPDATE 2-European shares advance on Nvidia results lift; investors assess US jobs data
2025-12-02 02:01:45.000,BRIEF-Wipro Completes Acquisition Of Harman Connected Services,WIT.N,WIT,Wipro Limited,Wipro Limited: BRIEF-Wipro Completes Acquisition Of Harman Connected Services
2025-04-14 08:06:41.000,"MICRON UP 5.1%, ADVANCED MICRO DEVICES UP 3.3%, QUALCOMM UP 2%, BROADCOM UP 2.4%",AVGO.O,AVGO,Broadcom Inc.,"Broadcom Inc.: MICRON UP 5.1%, ADVANCED MICRO DEVICES UP 3.3%, QUALCOMM UP 2%, BROADCOM UP 2.4%"
2024-11-14 10:53:56.733,LUMENTUM HOLDINGS INC <LITE.O>: MORGAN STANLEY  RAISES TARGET PRICE TO $76.00 FROM $61.00,LITE.O,LITE,Lumentum Holdings Inc.,Lumentum Holdings Inc.: LUMENTUM HOLDINGS INC <LITE.O>: MORGAN STANLEY  RAISES TARGET PRICE TO $76.00 FROM $61.00
2025-10-14 11:45:45.917,ROBLOX CORP <RBLX.N>: RAYMOND JAMES RAISES TARGET PRICE TO $165 FROM $155,RBLX.N,RBLX,Roblox Corporation,Roblox Corporation: ROBLOX CORP <RBLX.N>: RAYMOND JAMES RAISES TARGET PRICE TO $165 FROM $155
2024-10-31 12:00:01.952,ROBLOX Q3 NET INCOME USD -240.447 MILLION VS. IBES ESTIMATE USD -244.8 MILLION,RBLX.N,RBLX,Roblox Corporation,Roblox Corporation: ROBLOX Q3 NET INCOME USD -240.447 MILLION VS. IBES ESTIMATE USD -244.8 MILLION
2025-01-27 11:40:04.916,CLOUDFLARE INC. <NET.N>: WELLS FARGO RAISES TARGET PRICE TO $150 FROM $135,NET.N,NET,"Cloudflare, Inc.","Cloudflare, Inc.: CLOUDFLARE INC. <NET.N>: WELLS FARGO RAISES TARGET PRICE TO $150 FROM $135"
2025-10-24 03:46:58.787,STMICROELECTRONICS NV <STM.N>: TD COWEN CUTS TARGET PRICE TO $25 FROM $27,STM.N,STM,STMicroelectronics N.V.,STMicroelectronics N.V.: STMICROELECTRONICS NV <STM.N>: TD COWEN CUTS TARGET PRICE TO $25 FROM $27
2025-08-28 15:41:25.000,"BUZZ-U.S. STOCKS ON THE MOVE-Victoria's Secret, Copper miners, Dell",NTAP.O,NTAP,"NetApp, Inc.","NetApp, Inc.: BUZZ-U.S. STOCKS ON THE MOVE-Victoria's Secret, Copper miners, Dell"
2025-04-09 08:30:45.000,"ISHARES MSCI CHINA ETF UP 5.6%, ISHARES CHINA LARGE CAP ETF UP 6.1%, KRANESHARES CSI CHINA INTERNET ETF UP 6.7%",PDD.O,PDD,PDD Holdings Inc.,"PDD Holdings Inc.: ISHARES MSCI CHINA ETF UP 5.6%, ISHARES CHINA LARGE CAP ETF UP 6.1%, KRANESHARES CSI CHINA INTERNET ETF UP 6.7%"
2025-04-04 15:49:46.000,"BUZZ-U.S. STOCKS ON THE MOVE-Big Tech, US card firms, copper miners",AVGO.O,AVGO,Broadcom Inc.,"Broadcom Inc.: BUZZ-U.S. STOCKS ON THE MOVE-Big Tech, US card firms, copper miners"
2025-01-24 12:07:53.000,"BUZZ-U.S. STOCKS ON THE MOVE-American Express, Grindr, Gold miners",VZ.N,VZ,Verizon Communications Inc.,"Verizon Communications Inc.: BUZZ-U.S. STOCKS ON THE MOVE-American Express, Grindr, Gold miners"
2025-09-22 12:00:00.000,RPT-BREAKINGVIEWS-H-1B visa war will accelerate AI jobs reckoning,META.O,META,"Meta Platforms, Inc.","Meta Platforms, Inc.: RPT-BREAKINGVIEWS-H-1B visa war will accelerate AI jobs reckoning"
2025-09-24 13:13:42.773,WIPRO - GROVE HOLDINGS 2 S.Á.R.L. TRANSFERRED ITS ENTIRE STAKE IN CAPCO CONSULTING MIDDLE EAST FZE TO WIPRO IT SERVICES UK,WIT.N,WIT,Wipro Limited,Wipro Limited: WIPRO - GROVE HOLDINGS 2 S.Á.R.L. TRANSFERRED ITS ENTIRE STAKE IN CAPCO CONSULTING MIDDLE EAST FZE TO WIPRO IT SERVICES UK
2025-01-22 18:41:14.000,"BUZZ-U.S. STOCKS ON THE MOVE-SmartFinancial, TE Connectivity, Arista Networks",NFLX.O,NFLX,"Netflix, Inc.","Netflix, Inc.: BUZZ-U.S. STOCKS ON THE MOVE-SmartFinancial, TE Connectivity, Arista Networks"
2025-10-22 10:58:05.857,TEXAS INSTRUMENTS INC <TXN.O>: MIZUHO CUTS TARGET PRICE TO $145 FROM $150,TXN.O,TXN,Texas Instruments Incorporated,Texas Instruments Incorporated: TEXAS INSTRUMENTS INC <TXN.O>: MIZUHO CUTS TARGET PRICE TO $145 FROM $150
2024-09-11 21:18:23.000,BRIEF-IBM - Expects To Recognize A One-Time Non-Cash Pre-Tax Pension Settlement Charge Of Approximately $2.7 Billion ($2.0 Billion Net Of Tax) In Q3 Of 2024,IBM.N,IBM,International Business Machines,International Business Machines: BRIEF-IBM - Expects To Recognize A One-Time Non-Cash Pre-Tax Pension Settlement Charge Of Approximately $2.7 Billion ($2.0 Billion Net Of Tax) In Q3 Of 2024
2025-11-05 22:16:57.000,BUZZ-DoorDash falls as Q3 profit misses estimates on rising costs,DASH.O,DASH,"DoorDash, Inc.","DoorDash, Inc.: BUZZ-DoorDash falls as Q3 profit misses estimates on rising costs"
2025-09-24 13:05:32.000,"BUZZ-U.S. STOCKS ON THE MOVE-Thor Industries,  Mirion Technologies, ServiceNow",NOW.N,NOW,"ServiceNow, Inc.","ServiceNow, Inc.: BUZZ-U.S. STOCKS ON THE MOVE-Thor Industries,  Mirion Technologies, ServiceNow"
2025-05-30 10:03:46.491,"NETAPP, INC. <NTAP.O>: BARCLAYS RAISES TARGET PRICE TO $117 FROM $115",NTAP.O,NTAP,"NetApp, Inc.","NetApp, Inc.: NETAPP, INC. <NTAP.O>: BARCLAYS RAISES TARGET PRICE TO $117 FROM $115"
2025-08-14 03:11:40.802,CISCO <CSCO.O>: PIPER SANDLER RAISES TARGET PRICE TO $70 FROM $64,CSCO.O,CSCO,"Cisco Systems, Inc.","Cisco Systems, Inc.: CISCO <CSCO.O>: PIPER SANDLER RAISES TARGET PRICE TO $70 FROM $64"
2025-02-14 11:11:15.526,ZEBRA TECHNOLOGIES <ZBRA.O>: NEEDHAM CUTS TARGET PRICE TO $395 FROM $430,ZBRA.O,ZBRA,Zebra Technologies Corporation,Zebra Technologies Corporation: ZEBRA TECHNOLOGIES <ZBRA.O>: NEEDHAM CUTS TARGET PRICE TO $395 FROM $430
2025-07-17 10:18:37.676,ACCENTURE PLC <ACN.N>: EVERCORE ISI INITIATES COVERAGE WITH OUTPERFORM RATING; PRICE TARGET $330,ACN.N,ACN,Accenture plc,Accenture plc: ACCENTURE PLC <ACN.N>: EVERCORE ISI INITIATES COVERAGE WITH OUTPERFORM RATING; PRICE TARGET $330
2025-10-09 19:30:17.000,BUZZ - S&P 500 top and bottom performing stocks at about 03:30 p.m. EDT,DELL.N,DELL,Dell Technologies Inc.,Dell Technologies Inc.: BUZZ - S&P 500 top and bottom performing stocks at about 03:30 p.m. EDT
2024-09-17 23:00:00.000,EXCLUSIVE-Inside the US push to steer Vietnam's subsea cable plans away from China,TBB.N,TBB,AT&T Inc. 5.350% Global Notes d,AT&T Inc. 5.350% Global Notes d: EXCLUSIVE-Inside the US push to steer Vietnam's subsea cable plans away from China
2024-11-26 11:01:27.000,UPDATE 1-Vietnam parliament moves to curb tax breaks favouring e-commerce giants,PDD.O,PDD,PDD Holdings Inc.,PDD Holdings Inc.: UPDATE 1-Vietnam parliament moves to curb tax breaks favouring e-commerce giants
2025-10-03 14:10:11.000,PALANTIR TECHNOLOGIES SHARES DOWN 5.2%,PLTR.O,PLTR,Palantir Technologies Inc.,Palantir Technologies Inc.: PALANTIR TECHNOLOGIES SHARES DOWN 5.2%
2025-05-02 10:00:18.898,DUPONT OUTLOOK Q2 NET SALES ABOUT $3.2 BLN VS IBES ESTIMATE $3.25 BLN,DD.N,DD,"DuPont de Nemours, Inc.","DuPont de Nemours, Inc.: DUPONT OUTLOOK Q2 NET SALES ABOUT $3.2 BLN VS IBES ESTIMATE $3.25 BLN"
2025-07-23 13:31:19.000,AT&T Inc reports results for the quarter ended June 30 - Earnings Summary,T.N,T,AT&T Inc.,AT&T Inc.: AT&T Inc reports results for the quarter ended June 30 - Earnings Summary
2025-08-28 20:31:24.000,BUZZ-Dell falls after third-quarter profit forecast comes below estimates,DELL.N,DELL,Dell Technologies Inc.,Dell Technologies Inc.: BUZZ-Dell falls after third-quarter profit forecast comes below estimates
2024-10-14 13:47:05.910,"NIO DOWN 3.2%, IQIYI DOWN 2.8%",PDD.O,PDD,PDD Holdings Inc.,"PDD Holdings Inc.: NIO DOWN 3.2%, IQIYI DOWN 2.8%"
2025-11-18 09:02:06.011,STMICROELECTRONICS INTRODUCES THE INDUSTRY’S FIRST 18NM MICROCONTROLLER FOR HIGH-PERFORMANCE APPLICATIONS,STM.N,STM,STMicroelectronics N.V.,STMicroelectronics N.V.: STMICROELECTRONICS INTRODUCES THE INDUSTRY’S FIRST 18NM MICROCONTROLLER FOR HIGH-PERFORMANCE APPLICATIONS
2025-04-10 19:50:08.470,NYSE ORDER IMBALANCE <PATH.N> 1559926.0 SHARES ON SELL SIDE,PATH.N,PATH,"UiPath, Inc.","UiPath, Inc.: NYSE ORDER IMBALANCE <PATH.N> 1559926.0 SHARES ON SELL SIDE"
2025-08-29 11:28:45.825,AUTODESK INC <ADSK.O>: ROSENBLATT SECURITIES RAISES TARGET PRICE TO $355 FROM $345,ADSK.O,ADSK,"Autodesk, Inc.","Autodesk, Inc.: AUTODESK INC <ADSK.O>: ROSENBLATT SECURITIES RAISES TARGET PRICE TO $355 FROM $345"
2025-08-11 09:45:09.000,CRYPTO STOCKS RISE PREMARKET AS BITCOIN PRICES RISE MORE THAN 2%,COIN.O,COIN,"Coinbase Global, Inc.","Coinbase Global, Inc.: CRYPTO STOCKS RISE PREMARKET AS BITCOIN PRICES RISE MORE THAN 2%"
2024-09-24 13:38:16.000,SNOWFLAKE SHARES DOWN 1.4%; CO ANNOUNCES PROPOSED PRIVATE PLACEMENT OF $2.0 BLN OF CONVERTIBLE SENIOR NOTES,SNOW.N,SNOW,Snowflake Inc.,Snowflake Inc.: SNOWFLAKE SHARES DOWN 1.4%; CO ANNOUNCES PROPOSED PRIVATE PLACEMENT OF $2.0 BLN OF CONVERTIBLE SENIOR NOTES
2025-11-04 21:05:07.777,TOAST Q3 GROSS PROFIT USD 432 MILLION,TOST.N,TOST,"Toast, Inc.","Toast, Inc.: TOAST Q3 GROSS PROFIT USD 432 MILLION"
2025-03-12 20:08:06.000,Adobe beats first-quarter revenue estimates,ADBE.O,ADBE,Adobe Inc.,Adobe Inc.: Adobe beats first-quarter revenue estimates
2025-07-08 12:00:21.261,KULR TECHNOLOGY GROUP INC - TO USE PROCEEDS FOR BITCOIN ACCUMULATION,COIN.O,COIN,"Coinbase Global, Inc.","Coinbase Global, Inc.: KULR TECHNOLOGY GROUP INC - TO USE PROCEEDS FOR BITCOIN ACCUMULATION"
2024-11-07 11:47:32.298,"MERCADOLIBRE INC <MELI.O>: WEDBUSH RAISES TARGET PRICE TO $2,200 FROM $2,000",MELI.O,MELI,"MercadoLibre, Inc.","MercadoLibre, Inc.: MERCADOLIBRE INC <MELI.O>: WEDBUSH RAISES TARGET PRICE TO $2,200 FROM $2,000"
2024-10-25 16:03:55.137,AST SPACEMOBILE INC - SUCCESSFULLY COMPLETES UNFOLDING OF FIRST FIVE COMMERCIAL SATELLITES IN LOW EARTH ORBIT,ASTS.O,ASTS,"AST SpaceMobile, Inc.","AST SpaceMobile, Inc.: AST SPACEMOBILE INC - SUCCESSFULLY COMPLETES UNFOLDING OF FIRST FIVE COMMERCIAL SATELLITES IN LOW EARTH ORBIT"
2025-08-05 13:47:43.000,Deals of the day-Mergers and acquisitions,ZBRA.O,ZBRA,Zebra Technologies Corporation,Zebra Technologies Corporation: Deals of the day-Mergers and acquisitions
2024-11-06 21:24:00.000,BRIEF-PTC Inc announces $2 bln share repurchase authorization,PTC.O,PTC,PTC Inc.,PTC Inc.: BRIEF-PTC Inc announces $2 bln share repurchase authorization
2025-11-06 18:46:40.194,SKY OWNER COMCAST IN TALKS TO BUY ITV’S BROADCASTING ARM-BLOOMBERG NEWS,CMCSA.O,CMCSA,Comcast Corporation,Comcast Corporation: SKY OWNER COMCAST IN TALKS TO BUY ITV’S BROADCASTING ARM-BLOOMBERG NEWS
2025-11-05 21:05:06.306,PROCORE TECHNOLOGIES Q3 OPERATING EXPENSES USD 285.119 MILLION,PCOR.N,PCOR,"Procore Technologies, Inc.","Procore Technologies, Inc.: PROCORE TECHNOLOGIES Q3 OPERATING EXPENSES USD 285.119 MILLION"
2025-07-24 20:15:00.000,INTEL: WILL BE JUDICIOUS AND DISCIPLINED AS WE ALLOCATE CAPITAL TO FOUNDRY BUSINESS - MEMO,INTC.O,INTC,Intel Corporation,Intel Corporation: INTEL: WILL BE JUDICIOUS AND DISCIPLINED AS WE ALLOCATE CAPITAL TO FOUNDRY BUSINESS - MEMO
2025-10-28 20:05:34.716,ELECTRONIC ARTS - WILL NO LONGER PROVIDE FORWARD-LOOKING GUIDANCE,EA.O,EA,Electronic Arts Inc.,Electronic Arts Inc.: ELECTRONIC ARTS - WILL NO LONGER PROVIDE FORWARD-LOOKING GUIDANCE
2025-01-31 08:39:47.237,COMCAST CORP <CMCSA.O>: EVERCORE ISI CUTS TARGET PRICE TO $44 FROM $50,CMCSA.O,CMCSA,Comcast Corporation,Comcast Corporation: COMCAST CORP <CMCSA.O>: EVERCORE ISI CUTS TARGET PRICE TO $44 FROM $50
2025-11-03 12:02:28.113,"CHARTER COMMUNICATIONS, INC. <CHTR.O>: WELLS FARGO CUTS TARGET PRICE TO $240 FROM $300",CHTR.O,CHTR,"Charter Communications, Inc.","Charter Communications, Inc.: CHARTER COMMUNICATIONS, INC. <CHTR.O>: WELLS FARGO CUTS TARGET PRICE TO $240 FROM $300"
2025-06-12 14:12:59.000,"UPDATE 3-Besi lifts long-term targets, expecting new AI customers",ASML.O,ASML,ASML Holding N.V. - New York Re,"ASML Holding N.V. - New York Re: UPDATE 3-Besi lifts long-term targets, expecting new AI customers"
2025-05-15 04:06:56.821,CISCO <CSCO.O>: PIPER SANDLER RAISES TARGET PRICE TO $64 FROM $60,CSCO.O,CSCO,"Cisco Systems, Inc.","Cisco Systems, Inc.: CISCO <CSCO.O>: PIPER SANDLER RAISES TARGET PRICE TO $64 FROM $60"
2025-07-03 09:58:50.384,ALIBABA GROUP - PROPOSED EXCHANGEABLE BOND OFFERING TO ORDINARY SHARES OF ALIBABA HEALTH INFORMATION TECHNOLOGY,BABA.N,BABA,Alibaba Group Holding Limited,Alibaba Group Holding Limited: ALIBABA GROUP - PROPOSED EXCHANGEABLE BOND OFFERING TO ORDINARY SHARES OF ALIBABA HEALTH INFORMATION TECHNOLOGY
2025-07-07 13:38:48.000,CORE SCIENTIFIC SHARES PLUNGE 23%; COREWEAVE TO ACQUIRE CO,CRWV.O,CRWV,"CoreWeave, Inc.","CoreWeave, Inc.: CORE SCIENTIFIC SHARES PLUNGE 23%; COREWEAVE TO ACQUIRE CO"
2024-09-25 16:20:36.788,MERCADOLIBRE'S MERCADO PAGO FINTECH ARM HAS PRESENTED APPLICATION FOR BANKING LICENSE TO MEXICAN REGULATOR - STATEMENT,MELI.O,MELI,"MercadoLibre, Inc.","MercadoLibre, Inc.: MERCADOLIBRE'S MERCADO PAGO FINTECH ARM HAS PRESENTED APPLICATION FOR BANKING LICENSE TO MEXICAN REGULATOR - STATEMENT"
2025-02-04 21:05:13.344,JACK HENRY H1 OPERATING INCOME USD 274.278 MILLION,JKHY.O,JKHY,"Jack Henry & Associates, Inc.","Jack Henry & Associates, Inc.: JACK HENRY H1 OPERATING INCOME USD 274.278 MILLION"
2025-11-12 13:50:59.000,Coinbase set to reincorporate in Texas,COIN.O,COIN,"Coinbase Global, Inc.","Coinbase Global, Inc.: Coinbase set to reincorporate in Texas"
2025-04-14 10:58:16.505,"PROCORE TECHNOLOGIES, INC. <PCOR.N>: BARCLAYS CUTS TARGET PRICE TO $70 FROM $90",PCOR.N,PCOR,"Procore Technologies, Inc.","Procore Technologies, Inc.: PROCORE TECHNOLOGIES, INC. <PCOR.N>: BARCLAYS CUTS TARGET PRICE TO $70 FROM $90"
2024-11-14 12:26:42.719,SK HYNIX CONSIDERING ASML'S HIGH NA EUV TOOL FOR DRAM UNDER 10NM -CTO SEON-YONG CHA,ASML.O,ASML,ASML Holding N.V. - New York Re,ASML Holding N.V. - New York Re: SK HYNIX CONSIDERING ASML'S HIGH NA EUV TOOL FOR DRAM UNDER 10NM -CTO SEON-YONG CHA
2025-05-23 13:34:51.000,PHILADELPHIA SE SEMICONDUCTOR INDEX DOWN 2%,QCOM.O,QCOM,QUALCOMM Incorporated,QUALCOMM Incorporated: PHILADELPHIA SE SEMICONDUCTOR INDEX DOWN 2%
2024-10-09 12:05:16.000,BRIEF-Leidos Awarded $249M Army Force Protection Contract,LDOS.N,LDOS,"Leidos Holdings, Inc.","Leidos Holdings, Inc.: BRIEF-Leidos Awarded $249M Army Force Protection Contract"
2024-10-31 13:39:28.000,UPDATE 3-Uber shares slide as slowing bookings growth spooks investors,UBER.N,UBER,"Uber Technologies, Inc.","Uber Technologies, Inc.: UPDATE 3-Uber shares slide as slowing bookings growth spooks investors"
2025-07-17 13:50:22.471,ACCENTURE PLC: CO AND GOOGLE CLOUD COLLABORATING WITH AIR FRANCE-KLM TO ESTABLISH GENERATIVE AI FACTORY,ACN.N,ACN,Accenture plc,Accenture plc: ACCENTURE PLC: CO AND GOOGLE CLOUD COLLABORATING WITH AIR FRANCE-KLM TO ESTABLISH GENERATIVE AI FACTORY
2025-03-21 20:04:12.000,Deals of the day-Mergers and acquisitions,CSGP.O,CSGP,"CoStar Group, Inc.","CoStar Group, Inc.: Deals of the day-Mergers and acquisitions"
2025-06-09 20:35:09.539,MERCADOLIBRE WITHDRAWS PROPOSAL TO MOVE DOMICILE FROM DELAWARE TO TEXAS FROM CONSIDERATION AT UPCOMING SHAREHOLDER MEETING - SEC FILING,MELI.O,MELI,"MercadoLibre, Inc.","MercadoLibre, Inc.: MERCADOLIBRE WITHDRAWS PROPOSAL TO MOVE DOMICILE FROM DELAWARE TO TEXAS FROM CONSIDERATION AT UPCOMING SHAREHOLDER MEETING - SEC FILING"
2025-02-27 14:10:32.980,VERIZON COMMUNICATIONS INC - OFFERS $15 MONTHLY DISCOUNT FOR COMBINED MOBILE AND HOME INTERNET SERVICES,VZ.N,VZ,Verizon Communications Inc.,Verizon Communications Inc.: VERIZON COMMUNICATIONS INC - OFFERS $15 MONTHLY DISCOUNT FOR COMBINED MOBILE AND HOME INTERNET SERVICES
2024-11-08 14:09:02.054,Newscasts - US Morning Call: Election rally holds as Wall Street rounds out historic week,PINS.N,PINS,"Pinterest, Inc.","Pinterest, Inc.: Newscasts - US Morning Call: Election rally holds as Wall Street rounds out historic week"
2024-12-12 10:48:31.512,ADOBE INC <ADBE.O>: BERNSTEIN CUTS TARGET PRICE TO $587 FROM $644,ADBE.O,ADBE,Adobe Inc.,Adobe Inc.: ADOBE INC <ADBE.O>: BERNSTEIN CUTS TARGET PRICE TO $587 FROM $644
2025-05-06 20:05:05.052,SUPER MICRO COMPUTER Q3 ADJUSTED GROSS MARGIN 9.7%,SMCI.O,SMCI,"Super Micro Computer, Inc.","Super Micro Computer, Inc.: SUPER MICRO COMPUTER Q3 ADJUSTED GROSS MARGIN 9.7%"
2025-01-24 06:00:32.331,ERICSSON - SEES FURTHER SIGNS THAT OVERALL RAN MARKET IS NOW STABILIZING,ERIC.O,ERIC,Ericsson,Ericsson: ERICSSON - SEES FURTHER SIGNS THAT OVERALL RAN MARKET IS NOW STABILIZING
2025-11-10 15:41:01.365,"COINBASE GLOBAL : BUYS, SELLS, AND FIAT WITHDRAWALS/DEPOSITS REMAIN UNAFFECTED ON COSMOS NETWORK",COIN.O,COIN,"Coinbase Global, Inc.","Coinbase Global, Inc.: COINBASE GLOBAL : BUYS, SELLS, AND FIAT WITHDRAWALS/DEPOSITS REMAIN UNAFFECTED ON COSMOS NETWORK"
2025-03-03 22:06:09.042,COREWEAVE INC - FUNDS OR ACCOUNTS MANAGED OR ADVISED BY MAGNETAR FINANCIAL LLC BENEFICIALLY OWNED 34.53% OF CLASS A COMMON SHARES PRIOR TO OFFERING,CRWV.O,CRWV,"CoreWeave, Inc.","CoreWeave, Inc.: COREWEAVE INC - FUNDS OR ACCOUNTS MANAGED OR ADVISED BY MAGNETAR FINANCIAL LLC BENEFICIALLY OWNED 34.53% OF CLASS A COMMON SHARES PRIOR TO OFFERING"
